<?xml version="1.0" encoding="UTF-8"?><rss version="2.0"
	xmlns:content="http://purl.org/rss/1.0/modules/content/"
	xmlns:wfw="http://wellformedweb.org/CommentAPI/"
	xmlns:dc="http://purl.org/dc/elements/1.1/"
	xmlns:atom="http://www.w3.org/2005/Atom"
	xmlns:sy="http://purl.org/rss/1.0/modules/syndication/"
	xmlns:slash="http://purl.org/rss/1.0/modules/slash/"
	>

<channel>
	<title>Jay, Autore presso BioFamilia</title>
	<atom:link href="./index.html" rel="self" type="application/rss+xml" />
	<link>./../index.html</link>
	<description></description>
	<lastBuildDate>Fri, 10 Mar 2023 11:03:15 +0000</lastBuildDate>
	<language>it-IT</language>
	<sy:updatePeriod>
	hourly	</sy:updatePeriod>
	<sy:updateFrequency>
	1	</sy:updateFrequency>
	<generator>https://wordpress.org/?v=6.1.1</generator>
	<item>
		<title>Ciao mondo!</title>
		<link>./../../../2023/03/10/ciao-mondo/index.html</link>
					<comments>./../../../2023/03/10/ciao-mondo/index.html#comments</comments>
		
		<dc:creator><![CDATA[Jay]]></dc:creator>
		<pubDate>Fri, 10 Mar 2023 11:03:15 +0000</pubDate>
				<category><![CDATA[Senza categoria]]></category>
		<guid isPermaLink="false">./../../../index.html?p=1</guid>

					<description><![CDATA[<p>Ti diamo il benvenuto in WordPress. Questo è il tuo primo articolo. Modificalo o eliminalo e quindi inizia a scrivere!</p>
<p>L'articolo <a rel="nofollow" href="./../../../2023/03/10/ciao-mondo/index.html">Ciao mondo!</a> proviene da <a rel="nofollow" href="./../../../index.html">BioFamilia</a>.</p>
]]></description>
										<content:encoded><![CDATA[
<p>Ti diamo il benvenuto in WordPress. Questo è il tuo primo articolo. Modificalo o eliminalo e quindi inizia a scrivere!</p>
<p>L'articolo <a rel="nofollow" href="./../../../2023/03/10/ciao-mondo/index.html">Ciao mondo!</a> proviene da <a rel="nofollow" href="./../../../index.html">BioFamilia</a>.</p>
]]></content:encoded>
					
					<wfw:commentRss>./../../../2023/03/10/ciao-mondo/feed/index.html</wfw:commentRss>
			<slash:comments>1</slash:comments>
		
		
			</item>
	</channel>
</rss>
